Order_ID,Order_Date,Customer_ID,Product,Category,Quantity,Sales,Cost,Profit,City,Payment_Mode
ORD0001,2025-08-05,CUST0009,Wireless Earbuds,Electronics,3,14436,8278.66,6157.34,Delhi,UPI
ORD0002,2025-08-18,CUST0151,Table Lamp,Home,5,3585,2377.82,1207.18,Chennai,UPI
ORD0003,2025-02-19,CUST0092,Mixer Grinder,Home,3,5319,3058.65,2260.35,Pune,Net Banking
ORD0004,2025-11-18,CUST0159,T-Shirt,Fashion,4,7800,4907.43,2892.57,Pune,Net Banking
ORD0005,2025-02-21,CUST0098,Air Fryer,Home,1,2366,1847.69,518.31,Chennai,Cash on Delivery
ORD0006,2025-03-29,CUST0137,Jeans,Fashion,3,9435,6740.98,2694.02,Hyderabad,Credit Card
ORD0007,2025-01-29,CUST0059,Perfume,Beauty,3,3447,2680.28,766.72,Delhi,Debit Card
ORD0008,2025-07-22,CUST0165,Shampoo,Beauty,1,1538,1118.08,419.92,Amritsar,Credit Card
ORD0009,2025-03-12,CUST0131,Jeans,Fashion,2,2952,1912.13,1039.87,Amritsar,UPI
ORD0010,2025-11-02,CUST0120,Wireless Earbuds,Electronics,2,22160,14490.14,7669.86,Ludhiana,Debit Card
ORD0011,2025-08-11,CUST0041,Coffee,Grocery,1,1593,924.13,668.87,Amritsar,UPI
ORD0012,2025-03-20,CUST0096,Hoodie,Fashion,2,7930,5665.37,2264.63,Bengaluru,Net Banking
ORD0013,2025-06-07,CUST0062,Coffee,Grocery,5,8430,6636.56,1793.44,Delhi,Credit Card
ORD0014,2025-09-01,CUST0141,Coffee,Grocery,1,715,418.04,296.96,Bengaluru,Debit Card
ORD0015,2025-12-10,CUST0167,Olive Oil,Grocery,4,5904,3883.23,2020.77,Pune,Cash on Delivery
ORD0016,2025-04-28,CUST0151,Protein Oats,Grocery,1,286,202.73,83.27,Hyderabad,UPI
ORD0017,2025-05-23,CUST0172,Wireless Earbuds,Electronics,2,3808,2623.03,1184.97,Amritsar,Credit Card
ORD0018,2025-02-19,CUST0169,Green Tea,Grocery,5,9335,5614.17,3720.83,Kolkata,Debit Card
ORD0019,2025-06-23,CUST0028,Perfume,Beauty,4,2612,1720.54,891.46,Hyderabad,Credit Card
ORD0020,2025-02-08,CUST0114,Bedsheet Set,Home,4,15824,9770.49,6053.51,Ludhiana,UPI
ORD0021,2025-09-04,CUST0055,USB-C Hub,Electronics,1,2328,1535.86,792.14,Kolkata,UPI
ORD0022,2025-10-12,CUST0170,Mixer Grinder,Home,1,2672,1774.77,897.23,Amritsar,Credit Card
ORD0023,2025-01-30,CUST0013,Storage Box,Home,2,10488,7886.49,2601.51,Jaipur,Cash on Delivery
ORD0024,2025-12-12,CUST0061,Olive Oil,Grocery,2,960,682.23,277.77,Kolkata,UPI
ORD0025,2025-10-17,CUST0134,Green Tea,Grocery,5,9585,6973.0,2612.0,Pune,Debit Card
ORD0026,2025-02-07,CUST0003,Storage Box,Home,2,7484,4755.09,2728.91,Amritsar,Net Banking
ORD0027,2025-02-05,CUST0063,Coffee,Grocery,1,742,595.07,146.93,Pune,Debit Card
ORD0028,2025-10-11,CUST0077,Mixer Grinder,Home,5,27550,20120.4,7429.6,Mumbai,Credit Card
ORD0029,2025-04-15,CUST0176,T-Shirt,Fashion,1,1515,1126.79,388.21,Chennai,Net Banking
ORD0030,2025-03-08,CUST0164,Shampoo,Beauty,1,1383,761.97,621.03,Chennai,Credit Card
ORD0031,2025-07-09,CUST0150,Sunscreen,Beauty,4,2232,1556.39,675.61,Ludhiana,Credit Card
ORD0032,2025-05-08,CUST0171,Moisturizer,Beauty,1,413,250.58,162.42,Mumbai,Debit Card
ORD0033,2025-01-13,CUST0046,Protein Oats,Grocery,5,4625,3644.42,980.58,Pune,Cash on Delivery
ORD0034,2025-08-24,CUST0090,Storage Box,Home,2,7266,4432.67,2833.33,Chennai,Credit Card
ORD0035,2025-09-18,CUST0103,Air Fryer,Home,2,6378,4112.59,2265.41,Ludhiana,Debit Card
ORD0036,2025-06-26,CUST0081,Wireless Earbuds,Electronics,3,11175,7946.25,3228.75,Kolkata,Net Banking
ORD0037,2025-10-03,CUST0176,Coffee,Grocery,4,7944,4372.83,3571.17,Hyderabad,Debit Card
ORD0038,2025-12-08,CUST0105,Face Wash,Beauty,3,2280,1566.18,713.82,Pune,Cash on Delivery
ORD0039,2025-06-04,CUST0104,Hoodie,Fashion,2,6246,4473.32,1772.68,Ludhiana,UPI
ORD0040,2025-12-12,CUST0055,Sneakers,Fashion,2,5550,3714.52,1835.48,Ludhiana,Cash on Delivery
ORD0041,2025-05-01,CUST0173,Air Fryer,Home,3,17814,13734.14,4079.86,Chennai,Credit Card
ORD0042,2025-11-19,CUST0148,Table Lamp,Home,1,2505,1658.06,846.94,Hyderabad,Cash on Delivery
ORD0043,2025-04-23,CUST0046,Perfume,Beauty,2,544,413.53,130.47,Ludhiana,Cash on Delivery
ORD0044,2025-11-01,CUST0082,USB-C Hub,Electronics,2,5576,4554.09,1021.91,Amritsar,Net Banking
ORD0045,2025-05-07,CUST0164,Protein Oats,Grocery,5,10215,6333.11,3881.89,Chennai,Net Banking
ORD0046,2025-06-13,CUST0139,Moisturizer,Beauty,3,4260,2655.53,1604.47,Mumbai,Credit Card
ORD0047,2025-10-05,CUST0120,Table Lamp,Home,4,25144,16596.34,8547.66,Kolkata,UPI
ORD0048,2025-06-30,CUST0077,Mixer Grinder,Home,4,24788,13672.86,11115.14,Kolkata,Cash on Delivery
ORD0049,2025-07-19,CUST0087,Olive Oil,Grocery,5,9925,6760.15,3164.85,Kolkata,Credit Card
ORD0050,2025-03-11,CUST0119,Moisturizer,Beauty,5,1805,1305.99,499.01,Bengaluru,UPI
ORD0051,2025-08-04,CUST0065,Handbag,Fashion,3,5214,3259.42,1954.58,Mumbai,Cash on Delivery
ORD0052,2025-05-07,CUST0052,USB-C Hub,Electronics,1,6533,4923.55,1609.45,Delhi,Net Banking
ORD0053,2025-07-08,CUST0043,Table Lamp,Home,2,11968,8842.62,3125.38,Jaipur,Net Banking
ORD0054,2025-04-12,CUST0020,Smart Watch,Electronics,3,7713,5068.19,2644.81,Jaipur,Credit Card
ORD0055,2025-12-05,CUST0095,Bluetooth Speaker,Electronics,5,13915,9654.8,4260.2,Mumbai,Net Banking
ORD0056,2025-08-11,CUST0046,T-Shirt,Fashion,4,8700,6446.47,2253.53,Ludhiana,Debit Card
ORD0057,2025-02-14,CUST0072,Olive Oil,Grocery,4,6080,4742.17,1337.83,Amritsar,Credit Card
ORD0058,2025-04-04,CUST0125,Sunscreen,Beauty,5,1835,1430.85,404.15,Hyderabad,Debit Card
ORD0059,2025-02-13,CUST0062,Sneakers,Fashion,3,4593,3701.85,891.15,Kolkata,Cash on Delivery
ORD0060,2025-04-24,CUST0104,Green Tea,Grocery,4,1080,621.13,458.87,Hyderabad,Debit Card
ORD0061,2025-12-26,CUST0117,Dry Fruits,Grocery,4,9816,6275.5,3540.5,Chennai,Debit Card
ORD0062,2025-09-05,CUST0071,Jeans,Fashion,1,889,534.93,354.07,Jaipur,Net Banking
ORD0063,2025-12-29,CUST0137,Dry Fruits,Grocery,1,934,589.93,344.07,Bengaluru,Debit Card
ORD0064,2025-10-21,CUST0073,Wireless Earbuds,Electronics,5,27930,21942.77,5987.23,Amritsar,Cash on Delivery
ORD0065,2025-07-25,CUST0126,Shampoo,Beauty,2,4412,3405.94,1006.06,Mumbai,Net Banking
ORD0066,2025-08-02,CUST0156,Smart Watch,Electronics,2,20042,14043.02,5998.98,Jaipur,Net Banking
ORD0067,2025-01-31,CUST0157,Bedsheet Set,Home,4,16504,11611.06,4892.94,Mumbai,Credit Card
ORD0068,2025-08-19,CUST0177,Storage Box,Home,1,2464,1356.98,1107.02,Jaipur,Cash on Delivery
ORD0069,2025-05-16,CUST0161,T-Shirt,Fashion,2,3116,2292.11,823.89,Jaipur,Credit Card
ORD0070,2025-03-26,CUST0079,Face Wash,Beauty,5,6690,3808.49,2881.51,Jaipur,Net Banking
ORD0071,2025-09-10,CUST0113,Handbag,Fashion,1,1645,1127.03,517.97,Mumbai,Net Banking
ORD0072,2025-10-22,CUST0151,Power Bank,Electronics,3,32073,25970.02,6102.98,Delhi,Debit Card
ORD0073,2025-10-27,CUST0112,Coffee,Grocery,2,2678,1604.13,1073.87,Amritsar,UPI
ORD0074,2025-12-22,CUST0127,Shampoo,Beauty,4,2712,1733.1,978.9,Chennai,Cash on Delivery
ORD0075,2025-07-26,CUST0132,Coffee,Grocery,4,2696,2189.02,506.98,Delhi,Net Banking
ORD0076,2025-04-15,CUST0069,Perfume,Beauty,1,2291,1730.16,560.84,Ludhiana,Credit Card
ORD0077,2025-01-08,CUST0142,Handbag,Fashion,4,11920,7556.12,4363.88,Kolkata,UPI
ORD0078,2025-05-30,CUST0131,Air Fryer,Home,4,23224,18621.38,4602.62,Chennai,Cash on Delivery
ORD0079,2025-09-18,CUST0035,Perfume,Beauty,2,3642,2909.61,732.39,Mumbai,Debit Card
ORD0080,2025-08-17,CUST0138,Shampoo,Beauty,5,7360,5767.45,1592.55,Amritsar,Debit Card
ORD0081,2025-04-30,CUST0106,Hoodie,Fashion,5,8590,6050.67,2539.33,Delhi,Debit Card
ORD0082,2025-03-06,CUST0129,Perfume,Beauty,4,3492,2830.28,661.72,Jaipur,Debit Card
ORD0083,2025-03-21,CUST0020,Power Bank,Electronics,1,9417,7393.78,2023.22,Amritsar,Debit Card
ORD0084,2025-06-12,CUST0161,Hoodie,Fashion,4,15552,10149.27,5402.73,Amritsar,Net Banking
ORD0085,2025-08-11,CUST0026,USB-C Hub,Electronics,1,4646,3492.06,1153.94,Mumbai,Cash on Delivery
ORD0086,2025-08-09,CUST0038,Storage Box,Home,1,3157,2041.9,1115.1,Hyderabad,Net Banking
ORD0087,2025-10-26,CUST0037,Sunscreen,Beauty,2,3632,2485.63,1146.37,Hyderabad,Cash on Delivery
ORD0088,2025-03-22,CUST0019,Handbag,Fashion,3,11085,8124.81,2960.19,Amritsar,Debit Card
ORD0089,2025-09-05,CUST0028,Dry Fruits,Grocery,4,4060,3328.51,731.49,Hyderabad,Cash on Delivery
ORD0090,2025-10-17,CUST0176,Dry Fruits,Grocery,5,9105,5682.52,3422.48,Delhi,Net Banking
ORD0091,2025-12-04,CUST0175,Shampoo,Beauty,2,2056,1507.04,548.96,Bengaluru,UPI
ORD0092,2025-06-17,CUST0107,Bluetooth Speaker,Electronics,4,5384,4283.51,1100.49,Bengaluru,Credit Card
ORD0093,2025-09-04,CUST0076,Bedsheet Set,Home,3,13830,11019.65,2810.35,Pune,UPI
ORD0094,2025-07-22,CUST0004,Face Wash,Beauty,2,3754,2435.44,1318.56,Chennai,Net Banking
ORD0095,2025-07-10,CUST0028,Power Bank,Electronics,3,35469,27383.94,8085.06,Hyderabad,Cash on Delivery
ORD0096,2025-06-04,CUST0167,USB-C Hub,Electronics,5,30870,24558.16,6311.84,Kolkata,UPI
ORD0097,2025-03-11,CUST0100,Air Fryer,Home,1,4535,3580.65,954.35,Amritsar,Debit Card
ORD0098,2025-05-24,CUST0009,Protein Oats,Grocery,5,11020,7892.81,3127.19,Pune,Credit Card
ORD0099,2025-11-27,CUST0092,Perfume,Beauty,2,3508,2783.45,724.55,Delhi,Cash on Delivery
ORD0100,2025-06-20,CUST0063,Jeans,Fashion,1,3114,1755.23,1358.77,Bengaluru,Net Banking
ORD0101,2025-11-02,CUST0001,Air Fryer,Home,5,26515,20126.99,6388.01,Chennai,Credit Card
ORD0102,2025-05-02,CUST0151,Bedsheet Set,Home,3,4200,2326.85,1873.15,Pune,UPI
ORD0103,2025-09-01,CUST0115,Storage Box,Home,1,6576,4940.74,1635.26,Pune,Net Banking
ORD0104,2025-11-26,CUST0008,Coffee,Grocery,4,9340,5897.65,3442.35,Delhi,Cash on Delivery
ORD0105,2025-03-17,CUST0017,Perfume,Beauty,1,551,350.97,200.03,Bengaluru,Debit Card
ORD0106,2025-11-06,CUST0111,Olive Oil,Grocery,5,7035,4731.06,2303.94,Mumbai,UPI
ORD0107,2025-02-18,CUST0081,Green Tea,Grocery,4,8228,5411.2,2816.8,Kolkata,Debit Card
ORD0108,2025-07-10,CUST0034,Sneakers,Fashion,2,1546,1030.57,515.43,Ludhiana,UPI
ORD0109,2025-08-05,CUST0014,Olive Oil,Grocery,5,8240,6475.6,1764.4,Chennai,Net Banking
ORD0110,2025-02-25,CUST0090,Sneakers,Fashion,1,1271,776.0,495.0,Ludhiana,Debit Card
ORD0111,2025-05-20,CUST0180,Bluetooth Speaker,Electronics,5,22525,12564.84,9960.16,Chennai,Debit Card
ORD0112,2025-11-21,CUST0008,T-Shirt,Fashion,2,6184,3638.09,2545.91,Mumbai,Net Banking
ORD0113,2025-10-18,CUST0153,Mixer Grinder,Home,4,13168,9807.93,3360.07,Mumbai,UPI
ORD0114,2025-09-06,CUST0156,Table Lamp,Home,5,30105,21938.22,8166.78,Amritsar,Cash on Delivery
ORD0115,2025-10-31,CUST0125,Jeans,Fashion,5,10800,7917.68,2882.32,Ludhiana,Debit Card
ORD0116,2025-03-12,CUST0066,Smart Watch,Electronics,4,42476,34203.27,8272.73,Chennai,Debit Card
ORD0117,2025-09-14,CUST0144,Wireless Earbuds,Electronics,4,31420,23250.52,8169.48,Pune,UPI
ORD0118,2025-12-30,CUST0164,Face Wash,Beauty,4,6128,4319.12,1808.88,Kolkata,Debit Card
ORD0119,2025-02-24,CUST0063,Power Bank,Electronics,1,6121,3512.2,2608.8,Kolkata,Net Banking
ORD0120,2025-03-28,CUST0020,Sunscreen,Beauty,1,1640,1049.48,590.52,Ludhiana,UPI
ORD0121,2025-05-12,CUST0051,Olive Oil,Grocery,2,2334,1348.49,985.51,Bengaluru,Net Banking
ORD0122,2025-11-18,CUST0081,Air Fryer,Home,2,9094,7123.75,1970.25,Bengaluru,Cash on Delivery
ORD0123,2025-02-07,CUST0080,Power Bank,Electronics,4,44576,28752.61,15823.39,Amritsar,Cash on Delivery
ORD0124,2025-10-25,CUST0142,Wireless Earbuds,Electronics,3,16509,10793.75,5715.25,Delhi,Cash on Delivery
ORD0125,2025-06-25,CUST0022,Green Tea,Grocery,3,1359,912.76,446.24,Ludhiana,Credit Card
ORD0126,2025-05-25,CUST0100,Smart Watch,Electronics,4,31996,20818.84,11177.16,Kolkata,Debit Card
ORD0127,2025-12-03,CUST0155,Coffee,Grocery,3,4089,2527.16,1561.84,Bengaluru,Debit Card
ORD0128,2025-02-13,CUST0080,USB-C Hub,Electronics,2,13062,9282.66,3779.34,Ludhiana,Cash on Delivery
ORD0129,2025-07-05,CUST0080,Jeans,Fashion,5,15730,10188.22,5541.78,Bengaluru,Credit Card
ORD0130,2025-02-21,CUST0130,Handbag,Fashion,2,2068,1608.9,459.1,Ludhiana,Net Banking
ORD0131,2025-12-21,CUST0160,Bluetooth Speaker,Electronics,5,14735,8823.74,5911.26,Bengaluru,Cash on Delivery
ORD0132,2025-08-18,CUST0060,Power Bank,Electronics,3,35643,26844.37,8798.63,Ludhiana,Credit Card
ORD0133,2025-07-15,CUST0129,Handbag,Fashion,2,5472,4146.4,1325.6,Ludhiana,Cash on Delivery
ORD0134,2025-02-22,CUST0133,Table Lamp,Home,5,12740,8914.51,3825.49,Mumbai,Debit Card
ORD0135,2025-04-24,CUST0116,Smart Watch,Electronics,3,24483,19721.83,4761.17,Pune,UPI
ORD0136,2025-01-15,CUST0082,Face Wash,Beauty,4,7324,4769.58,2554.42,Mumbai,Debit Card
ORD0137,2025-01-03,CUST0021,Table Lamp,Home,1,4370,2932.8,1437.2,Delhi,Debit Card
ORD0138,2025-03-04,CUST0013,Table Lamp,Home,5,24115,14810.54,9304.46,Hyderabad,Cash on Delivery
ORD0139,2025-10-22,CUST0062,Protein Oats,Grocery,1,267,192.41,74.59,Bengaluru,Debit Card
ORD0140,2025-02-13,CUST0135,Face Wash,Beauty,5,9780,7133.34,2646.66,Pune,UPI
ORD0141,2025-07-18,CUST0096,Olive Oil,Grocery,5,10625,5968.64,4656.36,Chennai,UPI
ORD0142,2025-06-30,CUST0140,T-Shirt,Fashion,3,9273,5434.17,3838.83,Pune,Credit Card
ORD0143,2025-01-23,CUST0052,Perfume,Beauty,2,4248,2672.97,1575.03,Delhi,Debit Card
ORD0144,2025-01-25,CUST0168,Hoodie,Fashion,4,5748,3605.43,2142.57,Pune,Debit Card
ORD0145,2025-09-12,CUST0178,Bluetooth Speaker,Electronics,4,29412,23909.17,5502.83,Amritsar,Debit Card
ORD0146,2025-02-22,CUST0021,Dry Fruits,Grocery,1,2434,1531.76,902.24,Pune,Debit Card
ORD0147,2025-06-30,CUST0158,Handbag,Fashion,5,16125,10815.44,5309.56,Kolkata,Debit Card
ORD0148,2025-11-08,CUST0174,Wireless Earbuds,Electronics,4,27008,15895.57,11112.43,Amritsar,UPI
ORD0149,2025-12-14,CUST0116,Air Fryer,Home,2,7000,4993.63,2006.37,Pune,Debit Card
ORD0150,2025-05-08,CUST0030,Face Wash,Beauty,5,9400,6818.59,2581.41,Delhi,Credit Card
ORD0151,2025-11-10,CUST0074,Sunscreen,Beauty,4,5264,3200.16,2063.84,Amritsar,Credit Card
ORD0152,2025-06-13,CUST0171,Smart Watch,Electronics,1,8206,6309.09,1896.91,Pune,UPI
ORD0153,2025-03-04,CUST0052,Olive Oil,Grocery,3,5040,3464.31,1575.69,Bengaluru,Credit Card
ORD0154,2025-02-14,CUST0017,Face Wash,Beauty,3,6492,3798.07,2693.93,Chennai,Cash on Delivery
ORD0155,2025-08-19,CUST0120,Sunscreen,Beauty,4,3052,2207.91,844.09,Ludhiana,Debit Card
ORD0156,2025-01-29,CUST0032,Bedsheet Set,Home,5,33945,27016.56,6928.44,Ludhiana,Credit Card
ORD0157,2025-02-10,CUST0065,Jeans,Fashion,2,2646,2094.65,551.35,Hyderabad,Net Banking
ORD0158,2025-10-25,CUST0040,Jeans,Fashion,3,2346,1665.16,680.84,Bengaluru,Net Banking
ORD0159,2025-10-20,CUST0107,Dry Fruits,Grocery,5,6420,4659.67,1760.33,Jaipur,UPI
ORD0160,2025-02-07,CUST0177,Sunscreen,Beauty,3,3759,2369.32,1389.68,Delhi,Credit Card
ORD0161,2025-06-13,CUST0089,Perfume,Beauty,4,3352,2623.28,728.72,Kolkata,Credit Card
ORD0162,2025-05-07,CUST0037,Hoodie,Fashion,5,6950,4324.41,2625.59,Mumbai,UPI
ORD0163,2025-06-10,CUST0049,Handbag,Fashion,5,19720,15817.67,3902.33,Bengaluru,Cash on Delivery
ORD0164,2025-05-04,CUST0056,Protein Oats,Grocery,4,7240,4970.04,2269.96,Jaipur,Debit Card
ORD0165,2025-02-25,CUST0111,Wireless Earbuds,Electronics,3,26724,18570.68,8153.32,Bengaluru,Debit Card
ORD0166,2025-02-07,CUST0099,Handbag,Fashion,3,1827,1277.75,549.25,Ludhiana,Cash on Delivery
ORD0167,2025-06-23,CUST0143,Dry Fruits,Grocery,5,2980,1955.93,1024.07,Pune,Credit Card
ORD0168,2025-06-20,CUST0122,Bedsheet Set,Home,5,22980,13489.26,9490.74,Ludhiana,Cash on Delivery
ORD0169,2025-11-12,CUST0077,Bedsheet Set,Home,5,15930,10451.64,5478.36,Jaipur,Debit Card
ORD0170,2025-07-08,CUST0085,Olive Oil,Grocery,5,10725,8260.95,2464.05,Mumbai,Cash on Delivery
ORD0171,2025-03-29,CUST0135,Dry Fruits,Grocery,1,410,290.1,119.9,Jaipur,Cash on Delivery
ORD0172,2025-08-03,CUST0039,Table Lamp,Home,1,6238,4173.72,2064.28,Kolkata,Credit Card
ORD0173,2025-10-15,CUST0084,Sunscreen,Beauty,5,2525,1742.36,782.64,Amritsar,Net Banking
ORD0174,2025-12-15,CUST0165,Shampoo,Beauty,2,4974,3643.38,1330.62,Chennai,Net Banking
ORD0175,2025-12-27,CUST0054,Moisturizer,Beauty,2,2342,1775.74,566.26,Amritsar,Debit Card
ORD0176,2025-07-22,CUST0089,Shampoo,Beauty,5,12370,9795.25,2574.75,Bengaluru,Debit Card
ORD0177,2025-10-03,CUST0070,Bluetooth Speaker,Electronics,1,6474,3934.74,2539.26,Ludhiana,Debit Card
ORD0178,2025-04-30,CUST0014,Air Fryer,Home,5,12300,7514.46,4785.54,Mumbai,Cash on Delivery
ORD0179,2025-03-22,CUST0105,Handbag,Fashion,1,963,783.92,179.08,Amritsar,Cash on Delivery
ORD0180,2025-01-20,CUST0045,Storage Box,Home,3,17373,12065.39,5307.61,Kolkata,Credit Card
ORD0181,2025-10-18,CUST0155,Power Bank,Electronics,4,15408,8512.95,6895.05,Mumbai,Debit Card
ORD0182,2025-02-27,CUST0085,Handbag,Fashion,5,4745,2959.3,1785.7,Bengaluru,Cash on Delivery
ORD0183,2025-11-24,CUST0104,Jeans,Fashion,1,1608,1149.65,458.35,Kolkata,Net Banking
ORD0184,2025-05-08,CUST0002,T-Shirt,Fashion,4,4624,2947.21,1676.79,Chennai,Cash on Delivery
ORD0185,2025-12-21,CUST0061,Mixer Grinder,Home,3,8919,6479.6,2439.4,Delhi,UPI
ORD0186,2025-06-01,CUST0095,Shampoo,Beauty,2,3046,2200.59,845.41,Jaipur,Credit Card
ORD0187,2025-08-30,CUST0138,Table Lamp,Home,4,16908,12503.87,4404.13,Hyderabad,Credit Card
ORD0188,2025-02-27,CUST0016,Coffee,Grocery,5,2595,2069.92,525.08,Ludhiana,Net Banking
ORD0189,2025-04-16,CUST0150,Bedsheet Set,Home,5,9235,5369.09,3865.91,Amritsar,UPI
ORD0190,2025-10-14,CUST0119,Protein Oats,Grocery,1,2071,1454.37,616.63,Chennai,UPI
ORD0191,2025-02-02,CUST0139,Shampoo,Beauty,1,435,279.71,155.29,Delhi,UPI
ORD0192,2025-07-15,CUST0115,Face Wash,Beauty,3,2412,1570.46,841.54,Kolkata,Cash on Delivery
ORD0193,2025-03-07,CUST0058,USB-C Hub,Electronics,2,23014,15100.08,7913.92,Delhi,UPI
ORD0194,2025-03-21,CUST0071,Handbag,Fashion,5,9765,6585.21,3179.79,Hyderabad,UPI
ORD0195,2025-08-17,CUST0154,Power Bank,Electronics,5,5280,3750.73,1529.27,Delhi,Credit Card
ORD0196,2025-05-29,CUST0060,Power Bank,Electronics,4,18556,12730.38,5825.62,Jaipur,Debit Card
ORD0197,2025-06-03,CUST0071,Olive Oil,Grocery,3,7005,4270.82,2734.18,Delhi,Net Banking
ORD0198,2025-06-13,CUST0179,Green Tea,Grocery,4,7044,5368.71,1675.29,Kolkata,Cash on Delivery
ORD0199,2025-06-03,CUST0037,Storage Box,Home,4,26720,20823.49,5896.51,Amritsar,UPI
ORD0200,2025-06-19,CUST0166,Protein Oats,Grocery,4,4776,2955.62,1820.38,Mumbai,Cash on Delivery
ORD0201,2025-04-07,CUST0151,T-Shirt,Fashion,5,7495,5890.15,1604.85,Ludhiana,Credit Card
ORD0202,2025-09-03,CUST0063,Moisturizer,Beauty,3,3084,2318.11,765.89,Jaipur,Credit Card
ORD0203,2025-07-03,CUST0079,Moisturizer,Beauty,5,9045,6278.0,2767.0,Chennai,Debit Card
ORD0204,2025-07-31,CUST0012,Protein Oats,Grocery,4,4128,2683.57,1444.43,Jaipur,Credit Card
ORD0205,2025-06-18,CUST0059,Air Fryer,Home,3,15852,9370.93,6481.07,Kolkata,Net Banking
ORD0206,2025-11-25,CUST0126,Mixer Grinder,Home,5,30550,24774.74,5775.26,Amritsar,Credit Card
ORD0207,2025-02-08,CUST0172,Jeans,Fashion,2,2306,1594.52,711.48,Delhi,UPI
ORD0208,2025-07-11,CUST0016,Moisturizer,Beauty,2,574,394.08,179.92,Jaipur,Net Banking
ORD0209,2025-05-21,CUST0138,Perfume,Beauty,1,1934,1072.43,861.57,Chennai,UPI
ORD0210,2025-09-27,CUST0065,Protein Oats,Grocery,2,2374,1428.72,945.28,Pune,Debit Card
ORD0211,2025-02-11,CUST0168,Face Wash,Beauty,3,3738,2358.65,1379.35,Delhi,UPI
ORD0212,2025-08-11,CUST0166,Perfume,Beauty,4,1152,659.32,492.68,Pune,Net Banking
ORD0213,2025-02-08,CUST0176,USB-C Hub,Electronics,1,4564,2567.58,1996.42,Chennai,Net Banking
ORD0214,2025-06-03,CUST0042,Coffee,Grocery,2,3662,2932.52,729.48,Jaipur,Credit Card
ORD0215,2025-06-27,CUST0014,Protein Oats,Grocery,5,2605,1784.98,820.02,Mumbai,Cash on Delivery
ORD0216,2025-05-20,CUST0116,Air Fryer,Home,3,20397,11381.5,9015.5,Amritsar,Credit Card
ORD0217,2025-06-01,CUST0064,Hoodie,Fashion,4,12736,9660.07,3075.93,Mumbai,UPI
ORD0218,2025-02-16,CUST0002,Jeans,Fashion,4,13716,8879.59,4836.41,Chennai,Cash on Delivery
ORD0219,2025-09-20,CUST0105,Sneakers,Fashion,1,1167,817.35,349.65,Mumbai,UPI
ORD0220,2025-07-31,CUST0100,Bluetooth Speaker,Electronics,5,11620,6429.72,5190.28,Mumbai,Net Banking
ORD0221,2025-05-18,CUST0127,Bedsheet Set,Home,5,30570,19033.13,11536.87,Bengaluru,UPI
ORD0222,2025-05-07,CUST0161,Mixer Grinder,Home,3,8865,5478.21,3386.79,Amritsar,Net Banking
ORD0223,2025-11-14,CUST0098,Green Tea,Grocery,4,7280,4657.01,2622.99,Pune,Cash on Delivery
ORD0224,2025-07-23,CUST0082,Handbag,Fashion,5,8565,5437.31,3127.69,Chennai,Cash on Delivery
ORD0225,2025-10-16,CUST0052,Green Tea,Grocery,3,5085,2953.11,2131.89,Jaipur,Net Banking
ORD0226,2025-02-05,CUST0105,Bedsheet Set,Home,1,6302,4880.56,1421.44,Amritsar,Credit Card
ORD0227,2025-11-03,CUST0123,Jeans,Fashion,3,9987,5692.3,4294.7,Jaipur,Cash on Delivery
ORD0228,2025-02-13,CUST0028,Olive Oil,Grocery,4,9596,6816.34,2779.66,Hyderabad,Debit Card
ORD0229,2025-08-09,CUST0028,Bedsheet Set,Home,1,5784,4689.34,1094.66,Delhi,UPI
ORD0230,2025-08-26,CUST0174,Jeans,Fashion,5,13885,9039.31,4845.69,Jaipur,Net Banking
ORD0231,2025-03-14,CUST0090,Storage Box,Home,1,1356,788.3,567.7,Chennai,Debit Card
ORD0232,2025-08-20,CUST0082,Moisturizer,Beauty,5,3245,2417.32,827.68,Mumbai,Debit Card
ORD0233,2025-10-10,CUST0041,Wireless Earbuds,Electronics,1,6420,4425.42,1994.58,Pune,Net Banking
ORD0234,2025-11-11,CUST0051,Perfume,Beauty,2,2026,1330.69,695.31,Amritsar,Net Banking
ORD0235,2025-10-02,CUST0048,Perfume,Beauty,1,506,387.53,118.47,Pune,Debit Card
ORD0236,2025-06-10,CUST0153,Mixer Grinder,Home,1,5994,4859.92,1134.08,Kolkata,Net Banking
ORD0237,2025-12-28,CUST0077,Sunscreen,Beauty,1,2125,1635.63,489.37,Jaipur,Net Banking
ORD0238,2025-03-14,CUST0131,Smart Watch,Electronics,3,8193,5331.94,2861.06,Kolkata,Cash on Delivery
ORD0239,2025-11-27,CUST0045,Green Tea,Grocery,5,12005,8850.41,3154.59,Ludhiana,Credit Card
ORD0240,2025-01-05,CUST0125,Shampoo,Beauty,2,4194,3286.8,907.2,Bengaluru,Credit Card
ORD0241,2025-08-16,CUST0126,Sunscreen,Beauty,5,11320,8396.48,2923.52,Bengaluru,UPI
ORD0242,2025-08-23,CUST0145,Coffee,Grocery,2,4804,3016.63,1787.37,Amritsar,Net Banking
ORD0243,2025-01-22,CUST0113,Coffee,Grocery,5,8510,5925.95,2584.05,Ludhiana,Credit Card
ORD0244,2025-02-14,CUST0113,Face Wash,Beauty,2,2652,2075.97,576.03,Mumbai,Credit Card
ORD0245,2025-04-16,CUST0016,Bedsheet Set,Home,3,17049,12989.79,4059.21,Jaipur,Debit Card
ORD0246,2025-09-21,CUST0174,Dry Fruits,Grocery,5,6925,4879.62,2045.38,Mumbai,Credit Card
ORD0247,2025-06-14,CUST0064,Face Wash,Beauty,3,2379,1402.39,976.61,Kolkata,Cash on Delivery
ORD0248,2025-02-17,CUST0104,Bedsheet Set,Home,3,11679,8421.49,3257.51,Ludhiana,Debit Card
ORD0249,2025-12-24,CUST0092,Handbag,Fashion,4,1640,1183.11,456.89,Mumbai,Net Banking
ORD0250,2025-10-23,CUST0034,Moisturizer,Beauty,4,6288,4031.83,2256.17,Jaipur,Cash on Delivery
ORD0251,2025-03-22,CUST0113,T-Shirt,Fashion,1,3610,2106.59,1503.41,Amritsar,UPI
ORD0252,2025-05-09,CUST0022,Moisturizer,Beauty,2,2744,1994.17,749.83,Pune,Credit Card
ORD0253,2025-09-02,CUST0020,Power Bank,Electronics,3,13908,7653.48,6254.52,Bengaluru,Net Banking
ORD0254,2025-08-05,CUST0178,Bedsheet Set,Home,4,2264,1849.24,414.76,Bengaluru,Cash on Delivery
ORD0255,2025-06-03,CUST0036,Smart Watch,Electronics,4,9052,5744.44,3307.56,Kolkata,Credit Card
ORD0256,2025-04-20,CUST0161,Air Fryer,Home,5,2845,1834.51,1010.49,Bengaluru,Cash on Delivery
ORD0257,2025-08-08,CUST0081,Protein Oats,Grocery,2,3544,2285.58,1258.42,Bengaluru,Credit Card
ORD0258,2025-12-04,CUST0078,T-Shirt,Fashion,2,5714,4450.81,1263.19,Hyderabad,Net Banking
ORD0259,2025-02-27,CUST0062,Olive Oil,Grocery,2,2360,1613.34,746.66,Amritsar,Net Banking
ORD0260,2025-12-16,CUST0045,USB-C Hub,Electronics,1,6716,4356.41,2359.59,Amritsar,UPI
ORD0261,2025-07-23,CUST0130,USB-C Hub,Electronics,1,1025,826.3,198.7,Chennai,Net Banking
ORD0262,2025-06-08,CUST0021,Perfume,Beauty,4,9808,6129.18,3678.82,Ludhiana,Credit Card
ORD0263,2025-05-03,CUST0015,Bedsheet Set,Home,3,15912,11753.28,4158.72,Hyderabad,UPI
ORD0264,2025-12-29,CUST0036,Face Wash,Beauty,4,6064,3530.76,2533.24,Delhi,Credit Card
ORD0265,2025-05-18,CUST0031,Shampoo,Beauty,5,6555,4263.4,2291.6,Delhi,Debit Card
ORD0266,2025-07-04,CUST0015,Shampoo,Beauty,5,2825,1900.95,924.05,Amritsar,Net Banking
ORD0267,2025-01-02,CUST0012,Storage Box,Home,2,13670,10252.64,3417.36,Delhi,Credit Card
ORD0268,2025-12-02,CUST0108,Power Bank,Electronics,3,21222,16273.9,4948.1,Hyderabad,Debit Card
ORD0269,2025-01-27,CUST0046,Mixer Grinder,Home,3,3414,2340.47,1073.53,Hyderabad,Net Banking
ORD0270,2025-08-22,CUST0003,Power Bank,Electronics,1,8420,4827.39,3592.61,Pune,Credit Card
ORD0271,2025-04-11,CUST0140,Hoodie,Fashion,3,6900,5653.88,1246.12,Hyderabad,Credit Card
ORD0272,2025-12-03,CUST0097,Power Bank,Electronics,1,4617,2541.17,2075.83,Chennai,UPI
ORD0273,2025-04-29,CUST0134,Bedsheet Set,Home,2,9060,5210.56,3849.44,Kolkata,Debit Card
ORD0274,2025-02-01,CUST0112,Face Wash,Beauty,5,9325,6619.0,2706.0,Bengaluru,Credit Card
ORD0275,2025-04-30,CUST0020,Sneakers,Fashion,3,11421,7677.71,3743.29,Hyderabad,Credit Card
ORD0276,2025-10-02,CUST0092,Coffee,Grocery,2,2972,1960.8,1011.2,Hyderabad,Cash on Delivery
ORD0277,2025-06-17,CUST0038,Handbag,Fashion,3,3135,1906.25,1228.75,Mumbai,Credit Card
ORD0278,2025-07-27,CUST0116,Handbag,Fashion,5,8120,4534.14,3585.86,Ludhiana,Net Banking
ORD0279,2025-04-24,CUST0034,Air Fryer,Home,4,6580,5094.24,1485.76,Hyderabad,Cash on Delivery
ORD0280,2025-04-12,CUST0166,T-Shirt,Fashion,5,18645,15274.61,3370.39,Amritsar,Credit Card
ORD0281,2025-07-22,CUST0128,Bluetooth Speaker,Electronics,1,1499,1157.01,341.99,Delhi,Cash on Delivery
ORD0282,2025-01-18,CUST0158,Moisturizer,Beauty,3,4188,3302.34,885.66,Jaipur,Net Banking
ORD0283,2025-03-12,CUST0108,Storage Box,Home,4,20044,12538.31,7505.69,Hyderabad,Net Banking
ORD0284,2025-09-06,CUST0089,Bedsheet Set,Home,1,6905,4812.92,2092.08,Jaipur,Net Banking
ORD0285,2025-05-24,CUST0015,Handbag,Fashion,3,5118,4052.72,1065.28,Amritsar,Net Banking
ORD0286,2025-01-29,CUST0057,Hoodie,Fashion,2,2830,1964.29,865.71,Jaipur,Cash on Delivery
ORD0287,2025-06-30,CUST0146,Jeans,Fashion,2,3404,2518.73,885.27,Jaipur,Credit Card
ORD0288,2025-04-30,CUST0155,Green Tea,Grocery,4,1420,815.6,604.4,Hyderabad,UPI
ORD0289,2025-06-15,CUST0016,Protein Oats,Grocery,1,1595,1186.0,409.0,Delhi,Credit Card
ORD0290,2025-06-22,CUST0078,Green Tea,Grocery,1,1820,1288.97,531.03,Pune,Credit Card
ORD0291,2025-03-31,CUST0097,Mixer Grinder,Home,4,12396,9045.28,3350.72,Chennai,Debit Card
ORD0292,2025-11-10,CUST0057,Table Lamp,Home,1,3707,2641.77,1065.23,Jaipur,UPI
ORD0293,2025-02-15,CUST0172,Moisturizer,Beauty,3,4674,3373.55,1300.45,Pune,Cash on Delivery
ORD0294,2025-01-01,CUST0013,Bluetooth Speaker,Electronics,2,9776,7454.16,2321.84,Kolkata,Cash on Delivery
ORD0295,2025-09-03,CUST0148,Moisturizer,Beauty,4,9944,5741.52,4202.48,Hyderabad,Credit Card
ORD0296,2025-03-29,CUST0097,Face Wash,Beauty,1,1319,751.87,567.13,Bengaluru,UPI
ORD0297,2025-03-26,CUST0156,Coffee,Grocery,3,5898,4744.7,1153.3,Kolkata,Credit Card
ORD0298,2025-06-02,CUST0061,Wireless Earbuds,Electronics,3,12501,9105.25,3395.75,Mumbai,UPI
ORD0299,2025-05-31,CUST0170,Sunscreen,Beauty,5,8635,5746.19,2888.81,Jaipur,Cash on Delivery
ORD0300,2025-03-01,CUST0079,Air Fryer,Home,1,1899,1287.26,611.74,Kolkata,Cash on Delivery
ORD0301,2025-07-09,CUST0048,Shampoo,Beauty,1,1007,794.61,212.39,Amritsar,UPI
ORD0302,2025-12-23,CUST0171,Handbag,Fashion,4,15312,9046.41,6265.59,Mumbai,UPI
ORD0303,2025-08-03,CUST0138,Hoodie,Fashion,4,10668,8224.7,2443.3,Amritsar,Net Banking
ORD0304,2025-09-22,CUST0147,Mixer Grinder,Home,3,11202,7888.78,3313.22,Jaipur,Credit Card
ORD0305,2025-02-10,CUST0175,Power Bank,Electronics,2,7076,3973.33,3102.67,Kolkata,Credit Card
ORD0306,2025-07-23,CUST0142,Bedsheet Set,Home,3,19368,12681.91,6686.09,Pune,Debit Card
ORD0307,2025-03-17,CUST0146,Protein Oats,Grocery,1,660,436.85,223.15,Jaipur,Net Banking
ORD0308,2025-05-16,CUST0099,Wireless Earbuds,Electronics,5,12270,9656.87,2613.13,Amritsar,Net Banking
ORD0309,2025-06-19,CUST0177,Protein Oats,Grocery,1,1845,1034.07,810.93,Hyderabad,UPI
ORD0310,2025-09-09,CUST0179,Shampoo,Beauty,3,4473,2798.73,1674.27,Mumbai,Credit Card
ORD0311,2025-04-19,CUST0105,Storage Box,Home,4,10828,6504.84,4323.16,Amritsar,Net Banking
ORD0312,2025-09-26,CUST0146,T-Shirt,Fashion,5,8370,4910.06,3459.94,Delhi,Credit Card
ORD0313,2025-05-21,CUST0095,Table Lamp,Home,1,770,569.99,200.01,Amritsar,Net Banking
ORD0314,2025-08-31,CUST0151,Face Wash,Beauty,1,2077,1681.0,396.0,Ludhiana,Debit Card
ORD0315,2025-10-20,CUST0055,Jeans,Fashion,3,1536,912.36,623.64,Hyderabad,Credit Card
ORD0316,2025-11-28,CUST0045,Storage Box,Home,4,2656,2114.47,541.53,Jaipur,UPI
ORD0317,2025-06-28,CUST0118,Storage Box,Home,5,31690,25091.52,6598.48,Chennai,Credit Card
ORD0318,2025-12-06,CUST0096,Shampoo,Beauty,5,3345,2301.72,1043.28,Ludhiana,Net Banking
ORD0319,2025-05-22,CUST0067,Dry Fruits,Grocery,3,3996,2888.95,1107.05,Chennai,Credit Card
ORD0320,2025-12-02,CUST0128,Bedsheet Set,Home,2,10830,8065.6,2764.4,Chennai,Debit Card
ORD0321,2025-04-24,CUST0176,Perfume,Beauty,4,4108,3065.26,1042.74,Ludhiana,Cash on Delivery
ORD0322,2025-03-07,CUST0067,Hoodie,Fashion,3,11970,6898.94,5071.06,Ludhiana,Credit Card
ORD0323,2025-06-19,CUST0096,T-Shirt,Fashion,2,6896,5260.16,1635.84,Chennai,Net Banking
ORD0324,2025-09-14,CUST0031,Handbag,Fashion,1,3948,3119.49,828.51,Kolkata,Net Banking
ORD0325,2025-08-23,CUST0037,Handbag,Fashion,1,1220,996.18,223.82,Pune,Credit Card
ORD0326,2025-04-18,CUST0044,Power Bank,Electronics,3,33414,22456.02,10957.98,Jaipur,Credit Card
ORD0327,2025-09-02,CUST0099,Face Wash,Beauty,2,4016,2674.0,1342.0,Delhi,UPI
ORD0328,2025-01-03,CUST0161,Green Tea,Grocery,3,2940,1631.22,1308.78,Hyderabad,Credit Card
ORD0329,2025-01-24,CUST0077,Sneakers,Fashion,2,4922,2793.86,2128.14,Chennai,Cash on Delivery
ORD0330,2025-09-08,CUST0092,Olive Oil,Grocery,5,8015,6563.94,1451.06,Hyderabad,Credit Card
ORD0331,2025-03-28,CUST0032,Face Wash,Beauty,2,2230,1581.55,648.45,Pune,UPI
ORD0332,2025-01-11,CUST0013,Shampoo,Beauty,5,2230,1620.01,609.99,Mumbai,Cash on Delivery
ORD0333,2025-11-19,CUST0003,Perfume,Beauty,1,877,646.96,230.04,Chennai,Cash on Delivery
ORD0334,2025-02-23,CUST0131,USB-C Hub,Electronics,3,33009,25558.08,7450.92,Jaipur,UPI
ORD0335,2025-04-14,CUST0092,T-Shirt,Fashion,1,2894,2241.42,652.58,Kolkata,Debit Card
ORD0336,2025-01-07,CUST0172,Air Fryer,Home,5,11005,6749.55,4255.45,Mumbai,UPI
ORD0337,2025-11-26,CUST0060,Protein Oats,Grocery,2,1228,975.39,252.61,Amritsar,Debit Card
ORD0338,2025-12-13,CUST0081,Handbag,Fashion,1,3980,2576.09,1403.91,Kolkata,UPI
ORD0339,2025-08-13,CUST0160,Wireless Earbuds,Electronics,1,3067,1982.91,1084.09,Chennai,UPI
ORD0340,2025-12-20,CUST0123,Sneakers,Fashion,2,4078,3163.07,914.93,Kolkata,Credit Card
ORD0341,2025-07-14,CUST0092,Smart Watch,Electronics,1,3411,2042.99,1368.01,Jaipur,UPI
ORD0342,2025-06-10,CUST0004,Mixer Grinder,Home,4,15476,9604.95,5871.05,Ludhiana,Net Banking
ORD0343,2025-05-08,CUST0124,Green Tea,Grocery,3,5916,4310.77,1605.23,Pune,Cash on Delivery
ORD0344,2025-09-11,CUST0043,Bedsheet Set,Home,5,2975,2318.09,656.91,Mumbai,Cash on Delivery
ORD0345,2025-07-26,CUST0061,Jeans,Fashion,3,7428,5375.61,2052.39,Mumbai,Cash on Delivery
ORD0346,2025-12-01,CUST0005,Sunscreen,Beauty,4,6176,5032.09,1143.91,Mumbai,Cash on Delivery
ORD0347,2025-10-15,CUST0053,Face Wash,Beauty,5,3110,2457.93,652.07,Amritsar,Debit Card
ORD0348,2025-02-28,CUST0025,T-Shirt,Fashion,2,5388,4004.88,1383.12,Hyderabad,UPI
ORD0349,2025-09-10,CUST0036,Sneakers,Fashion,3,5793,4588.96,1204.04,Kolkata,UPI
ORD0350,2025-04-08,CUST0087,Hoodie,Fashion,2,7780,5239.07,2540.93,Mumbai,Cash on Delivery
ORD0351,2025-01-03,CUST0136,USB-C Hub,Electronics,1,8181,6628.58,1552.42,Delhi,Net Banking
ORD0352,2025-12-03,CUST0154,Sunscreen,Beauty,4,3844,2221.68,1622.32,Jaipur,Debit Card
ORD0353,2025-06-25,CUST0076,Protein Oats,Grocery,4,5280,3471.2,1808.8,Amritsar,Credit Card
ORD0354,2025-10-11,CUST0162,Mixer Grinder,Home,5,14740,10940.12,3799.88,Hyderabad,Credit Card
ORD0355,2025-11-23,CUST0083,Bedsheet Set,Home,3,18024,12553.22,5470.78,Mumbai,Debit Card
ORD0356,2025-08-05,CUST0004,Protein Oats,Grocery,5,11930,7482.5,4447.5,Ludhiana,UPI
ORD0357,2025-03-24,CUST0074,Power Bank,Electronics,2,3338,2512.01,825.99,Chennai,Credit Card
ORD0358,2025-12-12,CUST0144,Bluetooth Speaker,Electronics,2,19332,13848.47,5483.53,Hyderabad,Net Banking
ORD0359,2025-12-17,CUST0081,Moisturizer,Beauty,5,2210,1446.75,763.25,Ludhiana,UPI
ORD0360,2025-12-27,CUST0166,Bluetooth Speaker,Electronics,2,21934,17461.69,4472.31,Pune,Net Banking
ORD0361,2025-03-30,CUST0132,Olive Oil,Grocery,2,1010,606.49,403.51,Mumbai,Cash on Delivery
ORD0362,2025-08-27,CUST0040,Power Bank,Electronics,3,29757,16411.71,13345.29,Delhi,Credit Card
ORD0363,2025-10-09,CUST0092,Hoodie,Fashion,1,3853,2940.9,912.1,Mumbai,Debit Card
ORD0364,2025-10-02,CUST0104,Green Tea,Grocery,2,1704,1128.56,575.44,Mumbai,Debit Card
ORD0365,2025-10-15,CUST0167,Table Lamp,Home,3,10365,7029.66,3335.34,Delhi,UPI
ORD0366,2025-06-14,CUST0098,Handbag,Fashion,2,5888,4323.49,1564.51,Mumbai,Cash on Delivery
ORD0367,2025-08-17,CUST0125,Hoodie,Fashion,3,11301,8665.16,2635.84,Delhi,Debit Card
ORD0368,2025-02-03,CUST0054,Storage Box,Home,5,6430,3549.23,2880.77,Hyderabad,Cash on Delivery
ORD0369,2025-06-19,CUST0010,Smart Watch,Electronics,5,39650,22061.79,17588.21,Mumbai,UPI
ORD0370,2025-08-19,CUST0162,Smart Watch,Electronics,3,29829,19688.96,10140.04,Kolkata,Cash on Delivery
ORD0371,2025-10-27,CUST0012,T-Shirt,Fashion,4,10360,7812.57,2547.43,Mumbai,Debit Card
ORD0372,2025-12-05,CUST0008,Coffee,Grocery,3,5976,3902.22,2073.78,Amritsar,Credit Card
ORD0373,2025-11-28,CUST0096,Green Tea,Grocery,2,2840,2081.35,758.65,Delhi,Net Banking
ORD0374,2025-02-13,CUST0079,Green Tea,Grocery,1,2400,1674.8,725.2,Hyderabad,Debit Card
ORD0375,2025-04-03,CUST0172,Mixer Grinder,Home,5,9090,5476.43,3613.57,Jaipur,UPI
ORD0376,2025-10-25,CUST0125,Protein Oats,Grocery,5,6130,3534.03,2595.97,Pune,Debit Card
ORD0377,2025-06-18,CUST0158,Table Lamp,Home,1,5575,3797.59,1777.41,Chennai,Net Banking
ORD0378,2025-04-24,CUST0165,Bedsheet Set,Home,5,15455,9807.25,5647.75,Kolkata,Debit Card
ORD0379,2025-02-25,CUST0045,Jeans,Fashion,3,6672,4546.85,2125.15,Jaipur,UPI
ORD0380,2025-09-17,CUST0162,Jeans,Fashion,5,17020,13460.58,3559.42,Delhi,Net Banking
ORD0381,2025-10-04,CUST0121,Protein Oats,Grocery,5,12130,9599.39,2530.61,Bengaluru,Debit Card
ORD0382,2025-07-06,CUST0129,Moisturizer,Beauty,5,11510,6611.91,4898.09,Delhi,Credit Card
ORD0383,2025-09-05,CUST0092,Green Tea,Grocery,5,3990,2987.31,1002.69,Delhi,Credit Card
ORD0384,2025-07-04,CUST0100,Moisturizer,Beauty,1,425,293.18,131.82,Amritsar,Cash on Delivery
ORD0385,2025-10-19,CUST0045,Wireless Earbuds,Electronics,3,7473,5277.66,2195.34,Kolkata,Cash on Delivery
ORD0386,2025-06-26,CUST0125,Hoodie,Fashion,1,1941,1280.24,660.76,Amritsar,Net Banking
ORD0387,2025-04-19,CUST0039,USB-C Hub,Electronics,2,16014,11589.95,4424.05,Bengaluru,Credit Card
ORD0388,2025-09-03,CUST0123,Hoodie,Fashion,1,2098,1426.66,671.34,Hyderabad,Net Banking
ORD0389,2025-01-21,CUST0147,Mixer Grinder,Home,1,853,614.14,238.86,Bengaluru,UPI
ORD0390,2025-04-21,CUST0115,Storage Box,Home,2,7642,6157.61,1484.39,Jaipur,Cash on Delivery
ORD0391,2025-12-18,CUST0088,Moisturizer,Beauty,2,1988,1235.38,752.62,Amritsar,Net Banking
ORD0392,2025-09-16,CUST0176,Coffee,Grocery,2,534,322.87,211.13,Kolkata,Credit Card
ORD0393,2025-03-02,CUST0024,Coffee,Grocery,2,4752,3259.39,1492.61,Amritsar,Credit Card
ORD0394,2025-01-23,CUST0179,Olive Oil,Grocery,1,1923,1249.95,673.05,Ludhiana,Cash on Delivery
ORD0395,2025-09-02,CUST0060,Mixer Grinder,Home,4,21300,12484.96,8815.04,Mumbai,Debit Card
ORD0396,2025-01-04,CUST0097,Olive Oil,Grocery,4,9360,5445.78,3914.22,Hyderabad,Debit Card
ORD0397,2025-08-05,CUST0145,Shampoo,Beauty,1,1288,1005.73,282.27,Pune,Net Banking
ORD0398,2025-10-12,CUST0124,Handbag,Fashion,2,7220,4692.69,2527.31,Chennai,Debit Card
ORD0399,2025-03-24,CUST0026,Dry Fruits,Grocery,4,8116,6179.84,1936.16,Hyderabad,Net Banking
ORD0400,2025-11-22,CUST0002,Shampoo,Beauty,5,2315,1516.46,798.54,Mumbai,Credit Card
ORD0401,2025-01-20,CUST0099,Sunscreen,Beauty,4,4632,2647.7,1984.3,Kolkata,Net Banking
ORD0402,2025-04-14,CUST0169,Dry Fruits,Grocery,5,11120,7433.97,3686.03,Ludhiana,Debit Card
ORD0403,2025-07-04,CUST0062,Air Fryer,Home,5,23625,17293.18,6331.82,Delhi,Credit Card
ORD0404,2025-12-27,CUST0018,Bluetooth Speaker,Electronics,4,26340,18169.08,8170.92,Mumbai,Net Banking
ORD0405,2025-04-10,CUST0117,Hoodie,Fashion,5,18700,13346.53,5353.47,Kolkata,Net Banking
ORD0406,2025-03-01,CUST0132,Bluetooth Speaker,Electronics,2,14940,9403.95,5536.05,Chennai,Net Banking
ORD0407,2025-08-23,CUST0175,Dry Fruits,Grocery,4,6364,5151.88,1212.12,Amritsar,Net Banking
ORD0408,2025-07-31,CUST0091,Power Bank,Electronics,1,5024,3848.6,1175.4,Ludhiana,Net Banking
ORD0409,2025-04-02,CUST0122,Bluetooth Speaker,Electronics,2,11012,7705.41,3306.59,Pune,Debit Card
ORD0410,2025-05-01,CUST0062,Bedsheet Set,Home,3,19836,14857.57,4978.43,Chennai,Credit Card
ORD0411,2025-12-13,CUST0170,Table Lamp,Home,2,6832,5455.02,1376.98,Amritsar,Net Banking
ORD0412,2025-10-22,CUST0071,USB-C Hub,Electronics,1,8701,6895.48,1805.52,Amritsar,Credit Card
ORD0413,2025-08-05,CUST0123,Dry Fruits,Grocery,4,1684,1165.24,518.76,Ludhiana,UPI
ORD0414,2025-01-05,CUST0004,Dry Fruits,Grocery,4,8336,5295.24,3040.76,Hyderabad,Cash on Delivery
ORD0415,2025-05-02,CUST0069,Coffee,Grocery,3,2898,2023.13,874.87,Amritsar,Net Banking
ORD0416,2025-07-25,CUST0072,Sneakers,Fashion,2,2524,1636.99,887.01,Amritsar,Credit Card
ORD0417,2025-07-15,CUST0051,Green Tea,Grocery,5,5825,4077.16,1747.84,Bengaluru,Credit Card
ORD0418,2025-09-07,CUST0077,Face Wash,Beauty,2,4734,3524.71,1209.29,Chennai,Net Banking
ORD0419,2025-09-01,CUST0162,Coffee,Grocery,4,4328,3331.4,996.6,Mumbai,Cash on Delivery
ORD0420,2025-03-04,CUST0090,Sneakers,Fashion,3,8049,4470.06,3578.94,Jaipur,Credit Card
ORD0421,2025-09-07,CUST0115,Olive Oil,Grocery,5,7655,5601.64,2053.36,Mumbai,Cash on Delivery
ORD0422,2025-11-10,CUST0147,Dry Fruits,Grocery,4,6324,4198.44,2125.56,Kolkata,UPI
ORD0423,2025-07-22,CUST0070,Smart Watch,Electronics,3,13617,9715.1,3901.9,Amritsar,Debit Card
ORD0424,2025-12-05,CUST0065,Olive Oil,Grocery,4,2848,2126.03,721.97,Mumbai,Credit Card
ORD0425,2025-07-23,CUST0135,Mixer Grinder,Home,1,1022,576.95,445.05,Mumbai,UPI
ORD0426,2025-05-26,CUST0114,Hoodie,Fashion,2,3992,2462.25,1529.75,Bengaluru,Credit Card
ORD0427,2025-10-04,CUST0070,Green Tea,Grocery,1,2150,1453.71,696.29,Ludhiana,Cash on Delivery
ORD0428,2025-10-01,CUST0080,Bedsheet Set,Home,2,10790,7798.39,2991.61,Pune,Cash on Delivery
ORD0429,2025-01-06,CUST0001,Green Tea,Grocery,1,1264,748.34,515.66,Ludhiana,Credit Card
ORD0430,2025-08-09,CUST0075,Sneakers,Fashion,4,12868,8118.35,4749.65,Jaipur,Credit Card
ORD0431,2025-11-27,CUST0100,USB-C Hub,Electronics,3,11667,7204.05,4462.95,Kolkata,Credit Card
ORD0432,2025-09-30,CUST0069,T-Shirt,Fashion,4,10064,7297.24,2766.76,Kolkata,Credit Card
ORD0433,2025-11-15,CUST0126,Smart Watch,Electronics,2,11088,6913.1,4174.9,Hyderabad,Debit Card
ORD0434,2025-08-13,CUST0003,Smart Watch,Electronics,1,9564,5955.34,3608.66,Hyderabad,UPI
ORD0435,2025-08-26,CUST0179,Air Fryer,Home,4,13200,10816.74,2383.26,Delhi,Debit Card
ORD0436,2025-04-09,CUST0065,Smart Watch,Electronics,1,5166,3497.07,1668.93,Kolkata,UPI
ORD0437,2025-02-18,CUST0134,Smart Watch,Electronics,4,32228,21735.38,10492.62,Hyderabad,Cash on Delivery
ORD0438,2025-05-10,CUST0124,Shampoo,Beauty,3,1266,874.36,391.64,Chennai,Credit Card
ORD0439,2025-05-22,CUST0150,T-Shirt,Fashion,2,5984,3315.54,2668.46,Mumbai,Cash on Delivery
ORD0440,2025-02-15,CUST0064,Air Fryer,Home,1,6918,4498.62,2419.38,Bengaluru,Cash on Delivery
ORD0441,2025-02-24,CUST0033,USB-C Hub,Electronics,3,33126,24491.99,8634.01,Amritsar,Credit Card
ORD0442,2025-03-10,CUST0065,Hoodie,Fashion,3,3570,2308.74,1261.26,Delhi,Cash on Delivery
ORD0443,2025-06-15,CUST0120,Sunscreen,Beauty,3,3081,2146.77,934.23,Chennai,Net Banking
ORD0444,2025-08-21,CUST0001,Green Tea,Grocery,1,1278,889.79,388.21,Ludhiana,Cash on Delivery
ORD0445,2025-12-04,CUST0138,Air Fryer,Home,5,34285,25531.04,8753.96,Kolkata,Credit Card
ORD0446,2025-02-26,CUST0025,Protein Oats,Grocery,5,9390,6789.38,2600.62,Ludhiana,UPI
ORD0447,2025-10-20,CUST0165,Smart Watch,Electronics,2,2624,1513.16,1110.84,Kolkata,Cash on Delivery
ORD0448,2025-04-17,CUST0168,Olive Oil,Grocery,5,2450,1356.16,1093.84,Amritsar,UPI
ORD0449,2025-05-17,CUST0136,Face Wash,Beauty,3,5283,4080.5,1202.5,Delhi,UPI
ORD0450,2025-04-09,CUST0135,T-Shirt,Fashion,2,1628,1064.78,563.22,Hyderabad,Net Banking
ORD0451,2025-08-07,CUST0027,Bedsheet Set,Home,5,33060,24454.11,8605.89,Bengaluru,Credit Card
ORD0452,2025-06-11,CUST0141,Protein Oats,Grocery,5,10070,8076.65,1993.35,Pune,Debit Card
ORD0453,2025-10-09,CUST0066,Perfume,Beauty,3,7452,4853.24,2598.76,Pune,Cash on Delivery
ORD0454,2025-06-04,CUST0002,Perfume,Beauty,1,316,185.33,130.67,Chennai,Credit Card
ORD0455,2025-07-02,CUST0040,Storage Box,Home,1,5035,2820.55,2214.45,Bengaluru,Debit Card
ORD0456,2025-10-19,CUST0056,Hoodie,Fashion,2,7444,5240.81,2203.19,Mumbai,Debit Card
ORD0457,2025-10-23,CUST0098,Moisturizer,Beauty,4,5920,4424.09,1495.91,Mumbai,UPI
ORD0458,2025-11-20,CUST0098,Sneakers,Fashion,4,15848,11428.78,4419.22,Delhi,Debit Card
ORD0459,2025-03-20,CUST0013,Coffee,Grocery,3,6771,4999.69,1771.31,Kolkata,Cash on Delivery
ORD0460,2025-06-22,CUST0022,Olive Oil,Grocery,5,9075,5353.92,3721.08,Amritsar,Net Banking
ORD0461,2025-03-08,CUST0035,USB-C Hub,Electronics,4,20404,15485.26,4918.74,Amritsar,Net Banking
ORD0462,2025-05-17,CUST0111,Mixer Grinder,Home,4,20720,12751.61,7968.39,Pune,Net Banking
ORD0463,2025-12-02,CUST0007,Wireless Earbuds,Electronics,4,30956,19905.38,11050.62,Chennai,Credit Card
ORD0464,2025-07-11,CUST0040,Hoodie,Fashion,4,8816,5324.11,3491.89,Mumbai,UPI
ORD0465,2025-08-30,CUST0006,Smart Watch,Electronics,5,16095,10178.19,5916.81,Pune,Credit Card
ORD0466,2025-03-14,CUST0178,Green Tea,Grocery,2,4894,3329.96,1564.04,Delhi,Cash on Delivery
ORD0467,2025-11-13,CUST0070,Olive Oil,Grocery,1,1022,779.87,242.13,Delhi,Cash on Delivery
ORD0468,2025-11-29,CUST0099,Wireless Earbuds,Electronics,4,46476,25801.2,20674.8,Hyderabad,Cash on Delivery
ORD0469,2025-08-23,CUST0144,Coffee,Grocery,3,2889,1744.08,1144.92,Delhi,UPI
ORD0470,2025-06-30,CUST0091,Bedsheet Set,Home,3,13539,8714.11,4824.89,Chennai,Credit Card
ORD0471,2025-05-24,CUST0058,Dry Fruits,Grocery,1,320,257.57,62.43,Bengaluru,Debit Card
ORD0472,2025-03-20,CUST0110,Moisturizer,Beauty,1,1181,726.19,454.81,Chennai,Net Banking
ORD0473,2025-04-14,CUST0036,Handbag,Fashion,5,15360,11284.89,4075.11,Chennai,Net Banking
ORD0474,2025-03-02,CUST0048,Mixer Grinder,Home,2,10254,7182.74,3071.26,Pune,Credit Card
ORD0475,2025-02-24,CUST0034,Bluetooth Speaker,Electronics,4,30148,22923.31,7224.69,Bengaluru,UPI
ORD0476,2025-01-14,CUST0092,Olive Oil,Grocery,3,3453,2114.43,1338.57,Mumbai,Cash on Delivery
ORD0477,2025-09-09,CUST0122,Bedsheet Set,Home,5,31660,24697.17,6962.83,Bengaluru,Credit Card
ORD0478,2025-12-10,CUST0052,Table Lamp,Home,1,6763,4126.04,2636.96,Hyderabad,UPI
ORD0479,2025-01-22,CUST0156,Mixer Grinder,Home,5,30670,20409.05,10260.95,Kolkata,Debit Card
ORD0480,2025-08-22,CUST0011,Sunscreen,Beauty,5,2035,1179.31,855.69,Hyderabad,Net Banking
ORD0481,2025-07-23,CUST0078,Protein Oats,Grocery,1,977,614.16,362.84,Chennai,Cash on Delivery
ORD0482,2025-11-27,CUST0116,Mixer Grinder,Home,3,2838,1916.12,921.88,Mumbai,Net Banking
ORD0483,2025-04-02,CUST0117,Smart Watch,Electronics,5,48760,32754.0,16006.0,Jaipur,Credit Card
ORD0484,2025-12-28,CUST0116,Face Wash,Beauty,3,2763,1587.68,1175.32,Pune,UPI
ORD0485,2025-06-21,CUST0145,Protein Oats,Grocery,5,1895,1435.33,459.67,Bengaluru,Credit Card
ORD0486,2025-03-02,CUST0034,Table Lamp,Home,1,3023,2173.97,849.03,Hyderabad,UPI
ORD0487,2025-11-08,CUST0127,Dry Fruits,Grocery,1,2426,1863.2,562.8,Hyderabad,Credit Card
ORD0488,2025-05-23,CUST0159,Protein Oats,Grocery,4,4808,3789.6,1018.4,Ludhiana,Credit Card
ORD0489,2025-12-08,CUST0148,Smart Watch,Electronics,2,3404,2656.94,747.06,Jaipur,Debit Card
ORD0490,2025-12-21,CUST0180,T-Shirt,Fashion,1,1130,807.94,322.06,Jaipur,Net Banking
ORD0491,2025-07-14,CUST0018,Green Tea,Grocery,4,5700,3631.82,2068.18,Kolkata,Net Banking
ORD0492,2025-09-26,CUST0054,Bluetooth Speaker,Electronics,4,12016,8318.73,3697.27,Hyderabad,Net Banking
ORD0493,2025-06-12,CUST0067,Wireless Earbuds,Electronics,5,55525,36941.03,18583.97,Ludhiana,Net Banking
ORD0494,2025-04-03,CUST0157,Dry Fruits,Grocery,2,4476,3057.0,1419.0,Hyderabad,Debit Card
ORD0495,2025-08-01,CUST0106,Air Fryer,Home,1,4308,3299.42,1008.58,Delhi,Debit Card
ORD0496,2025-06-07,CUST0077,Hoodie,Fashion,2,2448,1868.69,579.31,Ludhiana,Net Banking
ORD0497,2025-06-23,CUST0173,T-Shirt,Fashion,1,2022,1218.02,803.98,Amritsar,Cash on Delivery
ORD0498,2025-07-31,CUST0015,Smart Watch,Electronics,4,13380,9029.72,4350.28,Ludhiana,Debit Card
ORD0499,2025-03-18,CUST0072,Dry Fruits,Grocery,5,8240,4679.31,3560.69,Delhi,Debit Card
ORD0500,2025-06-07,CUST0081,Sunscreen,Beauty,2,2034,1593.52,440.48,Delhi,Debit Card
